{
  "name": "BVB",
  "tag": "Официальная страница магазина",
  "email": "sales@example.com",
  "phone": "+7 (900) 000-00-00",
  "socials": [
    {
      "label": "Avito",
      "url": "https://www.avito.ru/brands/i184536091?src=sharing",
      "icon": "avito"
    },
    {
      "label": "Telegram",
      "url": "https://t.me/bvbvbabab",
      "icon": "telegram"
    },
    {
      "label": "WhatsApp",
      "url": "https://wa.me/79831289090",
      "icon": "whatsapp"
    }
  ],
  "telegram": {
    "token": "",
    "chat_id": ""
  },
  "admin": {
    "password": "bvb123"
  },
  "products": [
    {
      "title": "Лыжные скрепки Fischer",
      "price": 99,
      "tag": "Хит продаж",
      "img": "IMG_3280.jpeg",
      "desc": "Прочные скрепки для лыж Fischer. Подходят для транспортировки и хранения.",
      "slug": "fischer-ski-clips"
    },
    {
      "title": "Рюкзак городской",
      "price": 2990,
      "tag": "Новинка",
      "img": "https://images.unsplash.com/photo-1523419409543-a7cbe5c0f7d4?q=80&w=1200&auto=format&fit=crop",
      "desc": "Лёгкий, износостойкий материал, отделение для ноутбука 15\".",
      "slug": "urban-backpack"
    },
    {
      "title": "Наушники беспроводные",
      "price": 3490,
      "tag": "Топ-выбор",
      "img": "https://images.unsplash.com/photo-1518442400540-92f54f2d1f11?q=80&w=1200&auto=format&fit=crop",
      "desc": "Шумоподавление, 30 часов работы, быстрая зарядка.",
      "slug": "wireless-headphones"
    },
    {
      "title": "Плед флисовый",
      "price": 790,
      "tag": "Тёплый уют",
      "img": "https://images.unsplash.com/photo-1519710164239-da123dc03ef4?q=80&w=1200&auto=format&fit=crop",
      "desc": "Мягкий, гипоаллергенный, 130×170 см. Разные цвета.",
      "slug": "fleece-blanket"
    }
  ]
}